Product ID,Listing Price,Sale Price,Discount,Brand,Rating,Reviews
AH2430,14999,7499,50,Adidas Adidas ORIGINALS,4.8,41
G27341,7599,3799,50,Adidas ORIGINALS,3.3,24
CM0081,999,599,40,Adidas CORE / NEO,2.6,37
B44832,6999,3499,50,Adidas CORE / NEO,4.1,35
D98205,7999,3999,50,Adidas ORIGINALS,3.5,72
B75586,4799,1920,60,Adidas CORE / NEO,1,45
CG4051,4799,2399,50,Adidas CORE / NEO,4.4,2
CM0080,999,599,40,Adidas CORE / NEO,2.8,7
B75990,5599,2799,50,Adidas CORE / NEO,4.5,16
EE5761,6599,3959,40,Adidas ORIGINALS,4,39
EE4553,7599,4559,40,Adidas ORIGINALS,2.7,36
EF9315,6599,3959,40,Adidas ORIGINALS,4.2,35
F35281,5999,2999,50,Adidas CORE / NEO,2.6,97
EF9220,7599,4559,40,Adidas ORIGINALS,3.1,62
EG0000,7999,3999,50,Adidas CORE / NEO,3.2,16
B44889,5999,2999,50,Adidas CORE / NEO,3.1,69
CL7417,4599,2299,50,Adidas CORE / NEO,1,16
CL7408,3999,1999,50,Adidas CORE / NEO,3.1,8
B43601,3299,1649,50,Adidas CORE / NEO,2.7,62
EE8245,4299,2149,50,Adidas CORE / NEO,3.8,67
EE8042,5599,2799,50,Adidas CORE / NEO,5,30
CL7429,4299,2149,50,Adidas CORE / NEO,3.7,43
CL7370,3799,2279,40,Adidas CORE / NEO,3.9,13
EE9946,6599,3299,50,Adidas CORE / NEO,4.4,81
CK9741,3799,1899,50,Adidas CORE / NEO,3.6,70
CL7363,3299,1979,40,Adidas CORE / NEO,2.7,46
CL7372,3799,2279,40,Adidas CORE / NEO,3.2,63
CL7430,4299,2149,50,Adidas CORE / NEO,4.9,95
F34485,5599,3359,40,Adidas CORE / NEO,5,15
CL7365,3299,1979,40,Adidas CORE / NEO,3.6,34
CL7373,3299,1979,40,Adidas CORE / NEO,2.2,86
CL7364,3299,1979,40,Adidas CORE / NEO,3.9,3
CL7374,3299,1979,40,Adidas CORE / NEO,3.4,67
EE8167,5599,3359,40,Adidas CORE / NEO,3.3,5
CL7410,3999,2399,40,Adidas CORE / NEO,4.8,85
CL7401,5599,3359,40,Adidas CORE / NEO,3.6,4
EE8219,4599,2759,40,Adidas CORE / NEO,4.1,35
CL7402,5599,3359,40,Adidas CORE / NEO,3.6,13
EE9929,8599,5159,40,Adidas CORE / NEO,2.5,20
EE8221,6599,3959,40,Adidas CORE / NEO,2.7,41
EE8224,6599,3959,40,Adidas CORE / NEO,2.5,72
EE9941,6599,3959,40,Adidas CORE / NEO,1.5,32
EE8522,7599,4559,40,Adidas CORE / NEO,2.6,84
EE9932,5599,3359,40,Adidas CORE / NEO,5,75
EE8375,6999,4199,40,Adidas CORE / NEO,4.5,4
EE9798,5599,3359,40,Adidas CORE / NEO,3.9,48
EE8502,4999,2999,40,Adidas CORE / NEO,3.2,12
EF0450,4999,2999,40,Adidas CORE / NEO,3.9,83
CL7375,3299,1979,40,Adidas CORE / NEO,2,11
EF0446,4999,2999,40,Adidas CORE / NEO,1,42
EF0529,6999,4199,40,Adidas CORE / NEO,3.3,69
EE9940,6599,3959,40,Adidas CORE / NEO,4.1,33
EE4954,11999,7199,40,Adidas ORIGINALS,4.4,35
G27996,7999,4799,40,Adidas ORIGINALS,4.8,18
CL4156,2699,1349,50,Adidas CORE / NEO,3.5,89
EE4893,7999,4799,40,Adidas ORIGINALS,4,47
EE9937,5599,3359,40,Adidas CORE / NEO,4.8,94
G27649,7999,4799,40,Adidas ORIGINALS,4.5,35
EE9797,5599,3359,40,Adidas CORE / NEO,4.7,39
CI9914,4999,2000,60,Adidas CORE / NEO,3.8,98
EE8252,4299,2149,50,Adidas CORE / NEO,1.5,6
CK9664,5999,2999,50,Adidas CORE / NEO,0,17
EE8501,4999,2999,40,Adidas CORE / NEO,4.8,77
CL7602,4799,2399,50,Adidas CORE / NEO,4.4,17
CL7494,4599,2299,50,Adidas CORE / NEO,3,28
EE7923,5999,3599,40,Adidas CORE / NEO,3.9,88
EE5566,7999,4799,40,Adidas ORIGINALS,4,23
CI1821,4799,2399,50,Adidas CORE / NEO,4.3,8
CJ0082,4599,2299,50,Adidas CORE / NEO,4.3,64
CJ8062,5999,2999,50,Adidas CORE / NEO,3.7,52
EE6038,7599,4559,40,Adidas ORIGINALS,4.3,70
CM0068,1299,779,40,Adidas CORE / NEO,1.5,59
CK9830,2799,1399,50,Adidas SPORT PERFORMANCE,2.8,14
CJ0080,4599,2299,50,Adidas CORE / NEO,5,2
EG4957,7999,7999,0,Adidas ORIGINALS,4.9,38
BD7438,7999,3999,50,Adidas ORIGINALS,4,85
B75579,4999,2499,50,Adidas CORE / NEO,4.3,6
CM0057,1299,779,40,Adidas CORE / NEO,2.2,46
CL0206,1499,749,50,Adidas CORE / NEO,3.7,9
CJ8058,5999,2999,50,Adidas CORE / NEO,2.7,87
BZ0086,7999,3999,50,Adidas ORIGINALS,2,28
CJ8117,4599,2299,50,Adidas CORE / NEO,4,87
CJ8073,5599,2799,50,Adidas CORE / NEO,2.5,66
CL7551,4799,2399,50,Adidas CORE / NEO,5,54
AC8122,7999,3999,50,Adidas SPORT PERFORMANCE,4.2,66
CM8453,19999,9999,50,Adidas ORIGINALS,3.5,1
EE3625,15999,7999,50,Adidas ORIGINALS,0,94
CM0031,4599,2299,50,Adidas SPORT PERFORMANCE,0,49
EE7697,4999,2499,50,Adidas CORE / NEO,3.5,6
F36159,5299,2649,50,Adidas CORE / NEO,2.4,99
F35028,1999,999,50,Adidas CORE / NEO,0,67
AC7042,9999,4999,50,Adidas ORIGINALS,3.1,49
CJ8053,5999,2999,50,Adidas CORE / NEO,4.4,42
BC0836,8999,4499,50,Adidas SPORT PERFORMANCE,3.4,90
F35275,6599,3299,50,Adidas CORE / NEO,3.8,88
CJ8115,4599,2299,50,Adidas CORE / NEO,3,44
CJ8089,4999,2499,50,Adidas CORE / NEO,3.5,74
EE6128,5999,3599,40,Adidas ORIGINALS,4.3,19
CJ8118,4599,2299,50,Adidas CORE / NEO,2.2,54
CL7328,4799,2399,50,Adidas CORE / NEO,3.5,79
CL7470,5599,2799,50,Adidas CORE / NEO,4,5
CL7541,4999,2499,50,Adidas CORE / NEO,3.8,96
CL9928,3599,2159,40,Adidas SPORT PERFORMANCE,2.4,41
CM0045,1599,959,40,Adidas CORE / NEO,3.8,8
CL7599,4799,2399,50,Adidas CORE / NEO,4.3,80
CM0069,1299,779,40,Adidas CORE / NEO,3,22
CL7511,4999,2499,50,Adidas CORE / NEO,4,94
CL7552,4799,2399,50,Adidas CORE / NEO,4.8,68
EE9816,6599,3299,50,Adidas CORE / NEO,4.4,3
CL7545,5599,2799,50,Adidas CORE / NEO,3.4,46
EE5060,8999,5399,40,Adidas ORIGINALS,3.5,50
F36718,5599,3359,40,Adidas CORE / NEO,3,75
CL9927,3599,2159,40,Adidas SPORT PERFORMANCE,4.3,71
CL7285,4299,2149,50,Adidas CORE / NEO,1,48
CL7471,5599,2799,50,Adidas CORE / NEO,3.8,36
B96360,7999,3999,50,Adidas SPORT PERFORMANCE,4.5,7
EE5778,8999,5399,40,Adidas ORIGINALS,2.6,69
EE4519,7999,4799,40,Adidas ORIGINALS,4.4,71
EE4504,7999,4799,40,Adidas ORIGINALS,2,65
EE4697,6599,3959,40,Adidas ORIGINALS,3.8,3
CM0044,1599,959,40,Adidas CORE / NEO,4.7,74
EE6045,7999,4799,40,Adidas ORIGINALS,2,2
CG6091,9999,4999,50,Adidas ORIGINALS,3.7,84
G27834,13999,6999,50,Adidas ORIGINALS,3.6,34
CL7598,4799,2399,50,Adidas CORE / NEO,3.9,54
EE4709,7599,4559,40,Adidas ORIGINALS,2.8,49
EE4948,11999,7199,40,Adidas ORIGINALS,4.9,35
EE9671,6999,4199,40,Adidas CORE / NEO,2.4,48
EE7046,7999,4799,40,Adidas ORIGINALS,4.8,25
EF0451,4999,3499,30,Adidas CORE / NEO,4.6,51
EE4561,7599,4559,40,Adidas ORIGINALS,3.9,12
CL7601,4799,2399,50,Adidas CORE / NEO,3.7,51
CL7330,4799,2399,50,Adidas CORE / NEO,3.8,31
CM6625,2499,1749,30,Adidas CORE / NEO,4.8,41
FV3395,7599,5319,30,Adidas ORIGINALS,4.2,5
EF9317,6599,3959,40,Adidas ORIGINALS,3.7,78
EF4954,7999,5599,30,Adidas ORIGINALS,2.2,96
EE7104,7599,4559,40,Adidas ORIGINALS,3.9,26
FV4070,7999,5599,30,Adidas ORIGINALS,3.3,53
FV3918,8999,6299,30,Adidas ORIGINALS,4.3,78
EE5055,4999,2999,40,Adidas ORIGINALS,2,90
CM6626,2499,1749,30,Adidas CORE / NEO,4.8,96
CQ2030,15999,7999,50,Adidas ORIGINALS,4.7,82
EE5292,7599,4559,40,Adidas ORIGINALS,3.6,69
BD8041,7599,3799,50,Adidas ORIGINALS,2.8,21
B37719,7599,4559,40,Adidas ORIGINALS,2.7,88
EE4505,7999,4799,40,Adidas ORIGINALS,3.7,32
CM0072,999,499,50,Adidas CORE / NEO,3.2,20
EF0795,6599,3959,40,Adidas CORE / NEO,2.9,44
EE5875,6599,3959,40,Adidas ORIGINALS,1.5,69
EE4947,11999,7199,40,Adidas ORIGINALS,4.3,66
CM6627,2499,1749,30,Adidas CORE / NEO,3.4,65
CQ2039,16999,8499,50,Adidas ORIGINALS,5,56
CG6193,7599,5319,30,Adidas ORIGINALS,1,15
S82260,11999,4800,60,Adidas ORIGINALS,3.5,51
EE4945,11999,7199,40,Adidas ORIGINALS,3.4,84
EE7155,7999,4799,40,Adidas ORIGINALS,1,57
B44846,5999,2999,50,Adidas CORE / NEO,3.2,43
EE6044,7999,4799,40,Adidas ORIGINALS,4,83
EH0192,10999,6599,40,Adidas ORIGINALS,3.7,14
EE7045,7999,4799,40,Adidas ORIGINALS,2.5,62
CL7646,2699,2159,20,Adidas CORE / NEO,2.8,49
CL7346,2999,2399,20,Adidas CORE / NEO,2.7,37
EE5777,8999,5399,40,Adidas ORIGINALS,2.8,38
AQ1210,9999,4999,50,Adidas ORIGINALS,2.9,88
EF5925,7999,5599,30,Adidas ORIGINALS,4.3,98
EE7032,11999,7199,40,Adidas ORIGINALS,3.6,93
EE7708,7999,4799,40,Adidas ORIGINALS,4.1,18
AQ1119,12999,6499,50,Adidas ORIGINALS,3.7,23
F34311,7999,3999,50,Adidas ORIGINALS,3.6,59
CL7645,2699,2159,20,Adidas CORE / NEO,4.6,90
EE5089,8999,5399,40,Adidas ORIGINALS,3.7,37
CL7565,4999,2499,50,Adidas CORE / NEO,3,47
G27727,7999,3999,50,Adidas ORIGINALS,4.6,46
B44697,7999,3999,50,Adidas ORIGINALS,0,85
CL7400,5599,2799,50,Adidas CORE / NEO,4.1,68
CL7437,5299,2649,50,Adidas CORE / NEO,4.4,74
CL7563,4999,2499,50,Adidas CORE / NEO,3.7,1
CL7460,5999,2999,50,Adidas CORE / NEO,2,48
CL7507,4999,2499,50,Adidas CORE / NEO,4.8,0
CM0061,1299,779,40,Adidas CORE / NEO,2.7,14
F34308,7999,3999,50,Adidas ORIGINALS,4,69
CL7506,4999,2499,50,Adidas CORE / NEO,4.7,83
CL7344,2999,2399,20,Adidas CORE / NEO,2,86
EE5318,10999,6599,40,Adidas ORIGINALS,3.5,90
CL7564,4999,2499,50,Adidas CORE / NEO,4.6,58
CL7439,5299,2649,50,Adidas CORE / NEO,4.8,73
CL7345,2999,2399,20,Adidas CORE / NEO,2.8,11
CL7644,2699,2159,20,Adidas CORE / NEO,4.6,32
CL7438,5299,2649,50,Adidas CORE / NEO,2.7,78
CK9843,2799,1679,40,Adidas SPORT PERFORMANCE,1.5,47
EE8738,8999,5399,40,Adidas ORIGINALS,4.4,81
CL7576,5599,2799,50,Adidas CORE / NEO,4,15
CL7482,4599,2299,50,Adidas CORE / NEO,4.2,98
EE6129,5999,3599,40,Adidas ORIGINALS,4,1
EG3290,3999,3999,0,Adidas CORE / NEO,2.9,51
CL7467,5599,2799,50,Adidas CORE / NEO,4.7,57
EF1426,9999,4999,50,Adidas SPORT PERFORMANCE,3.2,50
CL7264,4999,2999,40,Adidas CORE / NEO,2.7,80
CL7472,5599,2799,50,Adidas CORE / NEO,4.5,75
CL7560,4599,2299,50,Adidas CORE / NEO,3.8,90
EE4574,7599,4559,40,Adidas ORIGINALS,4,68
CL7445,4299,2149,50,Adidas CORE / NEO,4.6,15
CL7404,3999,1999,50,Adidas CORE / NEO,3.8,64
CL7515,5299,2649,50,Adidas CORE / NEO,3.3,79
EE4763,7999,4799,40,Adidas ORIGINALS,4.1,70
CL7616,3999,2399,40,Adidas CORE / NEO,1,68
CL7591,4299,2149,50,Adidas CORE / NEO,4.4,23
CK9831,2799,1399,50,Adidas SPORT PERFORMANCE,3.3,70
EF2508,6599,3959,40,Adidas ORIGINALS,4.9,42
CL7495,4599,2299,50,Adidas CORE / NEO,3.8,77
EE5592,10999,6599,40,Adidas ORIGINALS,4.1,52
EE5398,7999,4799,40,Adidas ORIGINALS,4.5,92
EE5304,12999,7799,40,Adidas ORIGINALS,4.5,29
EE7242,7999,4799,40,Adidas ORIGINALS,4.5,93
CM0064,1499,749,50,Adidas CORE / NEO,2.6,24
EE7885,6599,3959,40,Adidas CORE / NEO,2.2,1
CM0049,1499,899,40,Adidas CORE / NEO,2.4,83
CL7548,4799,2399,50,Adidas CORE / NEO,3.9,68
CK1088,5599,2799,50,Adidas SPORT PERFORMANCE,3.5,73
CL7263,4999,2499,50,Adidas CORE / NEO,3.6,50
CL7483,4599,2299,50,Adidas CORE / NEO,5,61
F34340,6599,3299,50,Adidas CORE / NEO,2.2,35
CL7590,4299,2149,50,Adidas CORE / NEO,4.4,98
CM0030,4599,2299,50,Adidas SPORT PERFORMANCE,4,49
CL7468,5599,2799,50,Adidas CORE / NEO,1.5,50
EE8076,5599,3359,40,Adidas CORE / NEO,2.9,52
CM5955,2999,2999,0,Adidas SPORT PERFORMANCE,3.4,91
B44870,2999,2999,0,Adidas CORE / NEO,4.7,51
CL7265,4999,2499,50,Adidas CORE / NEO,2.5,81
CL7484,4599,2299,50,Adidas CORE / NEO,3.7,48
CL7537,5999,3599,40,Adidas CORE / NEO,3.6,98
EE8088,4599,2759,40,Adidas CORE / NEO,4.2,9
CL7577,5599,2799,50,Adidas CORE / NEO,1.5,35
CM0058,1299,779,40,Adidas CORE / NEO,4.3,78
EE7698,4999,2999,40,Adidas CORE / NEO,1,90
CM0009,5999,2999,50,Adidas SPORT PERFORMANCE,4.8,15
EE7884,6999,4199,40,Adidas CORE / NEO,2.5,2
F36922,7999,3999,50,Adidas SPORT PERFORMANCE,2.7,78
DB3114,7599,3799,50,Adidas ORIGINALS,1.5,47
F36217,4999,2499,50,Adidas CORE / NEO,4.7,24
EE8272,4999,2999,40,Adidas CORE / NEO,4.6,35
CL7538,4999,2499,50,Adidas CORE / NEO,3.1,73
EF0695,7999,4799,40,Adidas ORIGINALS,3.8,43
DB3599,9999,4999,50,Adidas ORIGINALS,4.4,35
CL7321,3599,2159,40,Adidas CORE / NEO,4.7,53
DB2117,7999,3999,50,Adidas ORIGINALS,4.9,83
EE4698,6599,3959,40,Adidas ORIGINALS,2.8,45
B28166,7999,3999,50,Adidas ORIGINALS,4.3,66
DB3259,7599,3799,50,Adidas ORIGINALS,4.9,75
EE5534,7999,4799,40,Adidas ORIGINALS,2,94
EF0811,7999,3999,50,Adidas SPORT PERFORMANCE,3.3,6
CK9723,3799,1899,50,Adidas CORE / NEO,1,65
CL7322,3599,2159,40,Adidas CORE / NEO,4.5,36
CG6021,11999,5999,50,Adidas ORIGINALS,2.8,25
CG6188,13999,6999,50,Adidas ORIGINALS,3.3,8
BD7685,7999,3999,50,Adidas ORIGINALS,3.2,75
BD7475,7599,3799,50,Adidas ORIGINALS,4.3,94
EF9226,7599,4559,40,Adidas ORIGINALS,3.7,57
F34668,6599,3299,50,Adidas CORE / NEO,1,77
EE8257,3799,2279,40,Adidas CORE / NEO,3.2,26
B37973,11999,5999,50,Adidas ORIGINALS,4.1,37
EE7068,7599,4559,40,Adidas ORIGINALS,0,24
EH1363,5999,5999,0,Adidas CORE / NEO,2.4,6
EE5772,8999,5399,40,Adidas ORIGINALS,1.5,84
CG6104,7999,3999,50,Adidas ORIGINALS,3.1,7
EF2437,17999,8999,50,Adidas ORIGINALS,2.2,25
CM0070,1299,779,40,Adidas CORE / NEO,5,99
D96760,11999,5999,50,Adidas ORIGINALS,3.4,9
CM0077,1299,779,40,Adidas CORE / NEO,3.5,35
CM0091,1499,749,50,Adidas CORE / NEO,3,25
CL7550,4799,2399,50,Adidas CORE / NEO,1,13
F36675,3999,2399,40,Adidas CORE / NEO,4.7,45
EF1065,6599,3959,40,Adidas CORE / NEO,3.4,34
EH1361,5999,5999,0,Adidas CORE / NEO,2.2,13
CL0243,1299,649,50,Adidas CORE / NEO,5,60
CG6177,13999,6999,50,Adidas ORIGINALS,3.9,91
FV3288,7999,7999,0,Adidas ORIGINALS,2.4,33
EE4949,11999,7199,40,Adidas ORIGINALS,2,39
BB2344,9999,4000,60,Adidas ORIGINALS,3.9,34
EE6080,5999,2999,50,Adidas ORIGINALS,1,67
EE6047,7999,4799,40,Adidas ORIGINALS,3.6,83
EF0078,7599,4559,40,Adidas CORE / NEO,2.2,49
EE5565,7999,4799,40,Adidas ORIGINALS,3.2,64
EF4965,7999,7999,0,Adidas ORIGINALS,4,18
EE4946,11999,7199,40,Adidas ORIGINALS,0,74
B37090,9999,4999,50,Adidas ORIGINALS,4.2,81
F36516,4299,2579,40,Adidas CORE / NEO,3.5,30
DB3112,5999,2999,50,Adidas ORIGINALS,3.4,64
EH1366,5999,5999,0,Adidas CORE / NEO,4.8,72
CG6164,7999,3999,50,Adidas ORIGINALS,3.3,87
EE4959,11999,7199,40,Adidas ORIGINALS,2.7,43
EF2438,17999,10799,40,Adidas ORIGINALS,3.7,15
F35567,6999,3499,50,Adidas CORE / NEO,2.8,81
EE8165,5599,3359,40,Adidas CORE / NEO,2.9,54
EE5846,6599,3959,40,Adidas ORIGINALS,5,15
F34846,5599,2799,50,Adidas CORE / NEO,0,17
B41663,7999,3999,50,Adidas ORIGINALS,3.2,30
CK9690,4299,2149,50,Adidas CORE / NEO,3.2,73
EE7927,6599,3299,50,Adidas CORE / NEO,2.2,27
CK9688,4999,2499,50,Adidas CORE / NEO,3.2,43
CK9424,5299,2649,50,Adidas CORE / NEO,3,49
CK9430,5599,2799,50,Adidas CORE / NEO,2.6,80
CG6228,11999,5999,50,Adidas ORIGINALS,3.1,65
DB3600,9999,4999,50,Adidas ORIGINALS,2.7,87
EE9892,8999,4499,50,Adidas CORE / NEO,3.5,43
CL7461,4599,2299,50,Adidas CORE / NEO,2.9,58
CK9678,4999,2499,50,Adidas CORE / NEO,1.5,0
CK9696,4599,2299,50,Adidas CORE / NEO,4.1,94
CK9695,4599,2299,50,Adidas CORE / NEO,2,52
CK9683,4999,2499,50,Adidas CORE / NEO,4.6,39
CK9692,4999,2499,50,Adidas CORE / NEO,3.8,21
EE7919,5999,2999,50,Adidas CORE / NEO,4.3,87
CL7517,5299,2649,50,Adidas CORE / NEO,2.7,42
CK9698,4599,2299,50,Adidas CORE / NEO,4.7,8
CK9418,5599,2799,50,Adidas CORE / NEO,2.7,74
EF0322,12999,7799,40,Adidas ORIGINALS,2.5,23
CK9427,5299,2649,50,Adidas CORE / NEO,5,59
EF0437,5599,3359,40,Adidas CORE / NEO,4.2,89
EF0435,5599,2799,50,Adidas CORE / NEO,2.4,99
CJ8090,4999,2499,50,Adidas CORE / NEO,3.6,28
CL7542,4999,2499,50,Adidas CORE / NEO,2.7,97
CL7311,3599,1799,50,Adidas CORE / NEO,2.5,22
EE8028,5999,2999,50,Adidas CORE / NEO,3.6,15
CL7398,5599,2799,50,Adidas CORE / NEO,4.9,28
CL7306,3999,1999,50,Adidas CORE / NEO,4.1,70
CK9697,4599,2299,50,Adidas CORE / NEO,3.9,43
CI9915,4999,2499,50,Adidas CORE / NEO,3.4,65
CK9590,5299,2649,50,Adidas CORE / NEO,1,51
CL7458,5999,2999,50,Adidas CORE / NEO,4.1,89
CI9913,4999,2499,50,Adidas CORE / NEO,3.5,96
CL7459,5999,2999,50,Adidas CORE / NEO,4.3,74
CI9991,4999,2499,50,Adidas CORE / NEO,2.4,58
F36996,5599,2799,50,Adidas CORE / NEO,3.3,2
CJ7974,5299,2649,50,Adidas CORE / NEO,4.7,53
CL7588,4299,2149,50,Adidas CORE / NEO,3.4,8
CL7407,3999,1999,50,Adidas CORE / NEO,4.8,91
CL7406,3999,1999,50,Adidas CORE / NEO,0,85
CK9420,5599,2799,50,Adidas CORE / NEO,4.6,2
CL7389,5599,2799,50,Adidas CORE / NEO,3.5,40
CL7516,5299,2649,50,Adidas CORE / NEO,4.8,28
CI9989,4999,2499,50,Adidas CORE / NEO,2.2,18
CL7405,3999,1999,50,Adidas CORE / NEO,3.8,49
CL7473,5599,2799,50,Adidas CORE / NEO,3.5,3
CJ8110,4599,2299,50,Adidas CORE / NEO,2.5,7
CJ8019,4599,2299,50,Adidas CORE / NEO,4.6,53
CK9604,4599,2299,50,Adidas CORE / NEO,3.9,26
CK9431,5599,2799,50,Adidas CORE / NEO,1.5,49
EE7289,5999,3599,40,Adidas ORIGINALS,3.7,58
B75580,4999,2499,50,Adidas CORE / NEO,4.3,79
CK9432,5599,2799,50,Adidas CORE / NEO,2.5,17
EE4925,11999,7199,40,Adidas ORIGINALS,2.8,93
EE4953,11999,7199,40,Adidas ORIGINALS,2,32
CL7469,5599,2799,50,Adidas CORE / NEO,2,97
EF8858,7999,4799,40,Adidas ORIGINALS,1,29
EF9219,7599,4559,40,Adidas ORIGINALS,4.5,89
CL7513,5299,2649,50,Adidas CORE / NEO,2.7,62
EE7098,8999,5399,40,Adidas ORIGINALS,3.9,22
CL7425,4599,2299,50,Adidas CORE / NEO,4.9,85
CL7508,4999,2499,50,Adidas CORE / NEO,4,47
EE7292,5599,3359,40,Adidas ORIGINALS,4.2,38
CL7589,4299,2149,50,Adidas CORE / NEO,3,40
CJ8061,5999,2999,50,Adidas CORE / NEO,3.7,92
EE5847,6599,3959,40,Adidas ORIGINALS,4.7,20
CK9686,4999,2499,50,Adidas CORE / NEO,4.1,43
EE4567,7599,4559,40,Adidas ORIGINALS,4.4,85
EE5585,7999,4799,40,Adidas ORIGINALS,3.8,37
B96519,6999,3499,50,Adidas CORE / NEO,5,31
B96563,6599,2640,60,Adidas CORE / NEO,2.8,16
CL7547,5599,2799,50,Adidas CORE / NEO,4.7,42
EE4563,7599,4559,40,Adidas ORIGINALS,4.2,82
CK9714,4299,2149,50,Adidas CORE / NEO,2,24
F36475,5299,2649,50,Adidas CORE / NEO,4.6,84
FV8794,5599,5599,0,Adidas CORE / NEO,5,44
EE5177,12999,7799,40,Adidas ORIGINALS,3,76
CL7582,4599,2299,50,Adidas CORE / NEO,3.8,12
F36339,4999,4999,0,Adidas CORE / NEO,4.1,39
EF1963,7999,4799,40,Adidas ORIGINALS,2.2,12
F34442,4599,2299,50,Adidas CORE / NEO,4.1,26
EE9933,5599,5599,0,Adidas CORE / NEO,4.2,89
EE6090,5999,3599,40,Adidas ORIGINALS,2.4,16
B75583,4799,2399,50,Adidas CORE / NEO,4.5,76
EE7922,5999,2999,50,Adidas CORE / NEO,4.6,93
EE5081,4999,2499,50,Adidas ORIGINALS,2.9,51
EE4678,7999,4799,40,Adidas ORIGINALS,4.1,34
CM0076,1299,779,40,Adidas CORE / NEO,4.4,39
B28156,7999,4799,40,Adidas ORIGINALS,4.9,54
EF0527,4999,4999,0,Adidas CORE / NEO,4.1,81
EE4566,7599,4559,40,Adidas ORIGINALS,3.3,60
EE8302,4999,4999,0,Adidas CORE / NEO,4.2,19
CM0075,999,599,40,Adidas CORE / NEO,3.4,57
EF0152,5599,5599,0,Adidas CORE / NEO,2.2,16
CM0093,1499,899,40,Adidas CORE / NEO,3.7,2
F36218,4999,4999,0,Adidas CORE / NEO,4.5,39
CM0083,999,599,40,Adidas CORE / NEO,4,58
CM0078,1299,779,40,Adidas CORE / NEO,3,38
CM0079,1299,779,40,Adidas CORE / NEO,2.9,64
CM0074,999,599,40,Adidas CORE / NEO,4.2,22
CM0073,999,599,40,Adidas CORE / NEO,4.4,93
CM0092,1499,899,40,Adidas CORE / NEO,2.6,54
EG8672,5599,5599,0,Adidas CORE / NEO,0,27
EG8480,4599,4599,0,Adidas CORE / NEO,4.4,80
EG3148,4599,4599,0,Adidas CORE / NEO,4,9
CM0082,999,599,40,Adidas CORE / NEO,3.6,29
EG3185,4999,4999,0,Adidas CORE / NEO,4.7,31
EG4006,5599,5599,0,Adidas CORE / NEO,3.9,1
EG4007,5599,5599,0,Adidas CORE / NEO,3.2,94
EH1178,4999,4999,0,Adidas CORE / NEO,4.3,65
EG4316,6599,6599,0,Adidas CORE / NEO,3.4,6
EG3253,4999,4999,0,Adidas CORE / NEO,2.5,67
EG4314,6599,6599,0,Adidas CORE / NEO,3.8,36
EH1379,5599,5599,0,Adidas CORE / NEO,4.9,45
EH2586,5599,5599,0,Adidas CORE / NEO,0,4
EG3698,4999,4999,0,Adidas CORE / NEO,2.7,11
EH0165,4999,4999,0,Adidas CORE / NEO,2.8,35
EH1211,5599,5599,0,Adidas CORE / NEO,3.2,85
CK9665,5999,2999,50,Adidas CORE / NEO,4.9,72
CK9663,5999,2999,50,Adidas CORE / NEO,1.5,74
EG3953,6599,6599,0,Adidas CORE / NEO,2.9,77
EG4176,4999,4999,0,Adidas CORE / NEO,3.9,14
CI9916,4999,2499,50,Adidas CORE / NEO,0,84
EG4175,4999,4999,0,Adidas CORE / NEO,3,94
EG4004,5599,5599,0,Adidas CORE / NEO,2.5,17
CJ8068,5599,2799,50,Adidas CORE / NEO,2.6,60
CK9681,4999,2499,50,Adidas CORE / NEO,5,5
EE9731,5599,2799,50,Adidas CORE / NEO,2.9,99
CK9591,5299,2649,50,Adidas CORE / NEO,2.4,35
CK9648,4599,2299,50,Adidas CORE / NEO,4.6,36
CK9602,4599,2299,50,Adidas CORE / NEO,2.9,37
F34491,5999,2999,50,Adidas CORE / NEO,3,59
CK9693,4999,2499,50,Adidas CORE / NEO,4.6,88
CJ8013,4999,2499,50,Adidas CORE / NEO,4,77
CL7567,4999,2499,50,Adidas CORE / NEO,3.8,31
CK9694,4999,2499,50,Adidas CORE / NEO,4.5,63
CL7604,4299,2149,50,Adidas CORE / NEO,2.8,34
CL7488,3999,1999,50,Adidas CORE / NEO,4.9,73
CK9436,4299,2149,50,Adidas CORE / NEO,1,41
CK9592,5299,2649,50,Adidas CORE / NEO,1.5,2
CL7366,3799,2279,40,Adidas CORE / NEO,4.2,84
CK9661,5599,2799,50,Adidas CORE / NEO,2.6,70
CK9650,4599,2299,50,Adidas CORE / NEO,2.6,47
CL7415,4599,2759,40,Adidas CORE / NEO,4.3,94
CL7626,4599,2759,40,Adidas CORE / NEO,3.7,48
CJ7990,5599,2799,50,Adidas CORE / NEO,4.6,30
CL7534,5999,3599,40,Adidas CORE / NEO,4.5,98
CL7413,4599,2759,40,Adidas CORE / NEO,3.8,4
CK9500,4599,2299,50,Adidas CORE / NEO,5,31
CL7369,3799,2279,40,Adidas CORE / NEO,4.1,79
EE8156,5999,3599,40,Adidas CORE / NEO,4.1,96
CL7607,4299,2149,50,Adidas CORE / NEO,3.2,21
CL7385,5599,3359,40,Adidas CORE / NEO,4.5,16
EE9856,6999,4199,40,Adidas CORE / NEO,4.3,81
EE8260,5599,3359,40,Adidas CORE / NEO,4.4,36
EE8448,5599,3359,40,Adidas CORE / NEO,2.8,95
EE8181,6999,4199,40,Adidas CORE / NEO,3.2,28
CK9682,4999,2499,50,Adidas CORE / NEO,3.3,22
CL7377,4999,2999,40,Adidas CORE / NEO,4.5,82
CL7605,4299,2149,50,Adidas CORE / NEO,2.5,7
EE9734,5599,3359,40,Adidas CORE / NEO,4.7,32
EF1053,6999,4199,40,Adidas CORE / NEO,4.2,70
EE7925,6599,3959,40,Adidas CORE / NEO,2.4,22
CL7614,3999,2399,40,Adidas CORE / NEO,2.8,46
EE9847,6999,4199,40,Adidas CORE / NEO,3.5,21
EG3289,3999,3999,0,Adidas CORE / NEO,2.8,34
CL7615,3999,2399,40,Adidas CORE / NEO,4.7,86
CL7276,4999,2499,50,Adidas CORE / NEO,4.9,1
CL7453,5299,3179,40,Adidas CORE / NEO,4,20
CL7329,4799,2879,40,Adidas CORE / NEO,4.2,1
CL7387,5599,3359,40,Adidas CORE / NEO,4.4,25
CM4762,4599,4599,0,Adidas CORE / NEO,2.4,37
CM4984,2499,2499,0,Adidas CORE / NEO,3.7,95
CM4691,3799,3799,0,Adidas CORE / NEO,3.4,53
CM4826,2999,2999,0,Adidas CORE / NEO,4.1,49
CM0015,4999,2499,50,Adidas SPORT PERFORMANCE,4.1,79
EE8603,7999,4799,40,Adidas CORE / NEO,2.9,90
CL7496,4599,2759,40,Adidas CORE / NEO,4.2,84
EE8444,5599,3359,40,Adidas CORE / NEO,3.3,19
CM4827,2999,2999,0,Adidas CORE / NEO,4.3,40
CM0014,4999,2499,50,Adidas SPORT PERFORMANCE,4.5,0
CM4737,3599,3599,0,Adidas CORE / NEO,2.5,4
EF0440,5599,3359,40,Adidas CORE / NEO,3.7,63
EE9748,5999,3599,40,Adidas CORE / NEO,3.9,43
EG4223,4999,4999,0,Adidas CORE / NEO,3.1,21
CM0013,4999,2499,50,Adidas SPORT PERFORMANCE,3.9,35
B44880,6999,4199,40,Adidas CORE / NEO,2.7,23
F34876,6999,4199,40,Adidas CORE / NEO,1,40
EE8836,7999,7999,0,Adidas ORIGINALS,0,14
EF0523,5599,3359,40,Adidas CORE / NEO,2,95
EH1858,4999,4999,0,Adidas CORE / NEO,3.6,20
EG3821,5599,5599,0,Adidas CORE / NEO,3.5,21
EF4458,7599,7599,0,Adidas ORIGINALS,3.2,88
EG3291,3999,3999,0,Adidas CORE / NEO,4.3,82
EF5928,7599,7599,0,Adidas ORIGINALS,2.2,99
EH1859,4999,4999,0,Adidas CORE / NEO,4.1,53
CM4828,2999,2999,0,Adidas CORE / NEO,4.7,15
EG3295,3999,3999,0,Adidas CORE / NEO,3.4,35
CM4985,2499,2499,0,Adidas CORE / NEO,2.8,57
CM4964,3299,3299,0,Adidas CORE / NEO,2.8,8
